{"actions":["CHECK","BET 4.000000","BET 9.000000"],"childrens":{"BET 4.000000":{"actions":["CALL","FOLD"],"node_type":"action_node","player":0,"strategy":{"actions":["CALL","FOLD"],"strategy":{"3h3d":[1.0,0.0],"3s3d":[1.0,0.0],"3s3h":[1.0,0.0],"8h8c":[1.0,0.0],"8s8c":[1.0,0.0],"8s8h":[1.0,0.0],"9c8c":[1.0,0.0],"9d9c":[1.0,0.0],"9h8h":[1.0,0.0],"9h9c":[1.0,0.0],"9h9d":[1.0,0.0],"9s8s":[1.0,0.0],"9s9c":[1.0,0.0],"9s9d":[1.0,0.0],"9s9h":[1.0,0.0],"Ac8c":[1.0,0.0],"Ac8h":[1.0,0.0],"Ac8s":[1.0,0.0],"AcQc":[1.0,0.0],"AcQd":[1.0,0.0],"AcQh":[1.0,0.0],"Ad8c":[1.0,0.0],"Ad8h":[1.0,0.0],"Ad8s":[1.0,0.0],"AdAc":[1.0,0.0],"AdQc":[1.0,0.0],"AdQd":[1.0,0.0],"AdQh":[1.0,0.0],"Ah8c":[1.0,0.0],"Ah8h":[1.0,0.0],"Ah8s":[1.0,0.0],"AhAc":[1.0,0.0],"AhAd":[1.0,0.0],"AhQc":[1.0,0.0],"AhQd":[1.0,0.0],"AhQh":[1.0,0.0],"As8c":[1.0,0.0],"As8h":[1.0,0.0],"As8s":[1.0,0.0],"AsAc":[1.0,0.0],"AsAd":[1.0,0.0],"AsAh":[1.0,0.0],"AsQc":[1.0,0.0],"AsQd":[1.0,0.0],"AsQh":[1.0,0.0],"JdJc":[1.0,0.0],"JhJc":[1.0,0.0],"JhJd":[1.0,0.0],"JsJc":[1.0,0.0],"JsJd":[1.0,0.0],"JsJh":[1.0,0.0],"KcQc":[1.0,0.0],"KcQd":[1.0,0.0],"KcQh":[1.0,0.0],"KdKc":[1.0,0.0],"KdQc":[1.0,0.0],"KdQd":[1.0,0.0],"KdQh":[1.0,0.0],"KhKc":[1.0,0.0],"KhKd":[1.0,0.0],"KhQc":[1.0,0.0],"KhQd":[1.0,0.0],"KhQh":[1.0,0.0],"KsKc":[1.0,0.0],"KsKd":[1.0,0.0],"KsKh":[1.0,0.0],"KsQc":[1.0,0.0],"KsQd":[1.0,0.0],"KsQh":[1.0,0.0],"Qc9c":[1.0,0.0],"Qc9d":[1.0,0.0],"Qc9h":[1.0,0.0],"Qc9s":[1.0,0.0],"QcJc":[1.0,0.0],"QcJd":[1.0,0.0],"QcJh":[1.0,0.0],"QcJs":[1.0,0.0],"QcTc":[1.0,0.0],"QcTd":[1.0,0.0],"QcTh":[1.0,0.0],"QcTs":[1.0,0.0],"Qd9c":[1.0,0.0],"Qd9d":[1.0,0.0],"Qd9h":[1.0,0.0],"Qd9s":[1.0,0.0],"QdJc":[1.0,0.0],"QdJd":[1.0,0.0],"QdJh":[1.0,0.0],"QdJs":[1.0,0.0],"QdQc":[1.0,0.0],"QdTc":[1.0,0.0],"QdTd":[1.0,0.0],"QdTh":[1.0,0.0],"QdTs":[1.0,0.0],"Qh9c":[1.0,0.0],"Qh9d":[1.0,0.0],"Qh9h":[1.0,0.0],"Qh9s":[1.0,0.0],"QhJc":[1.0,0.0],"QhJd":[1.0,0.0],"QhJh":[1.0,0.0],"QhJs":[1.0,0.0],"QhQc":[1.0,0.0],"QhQd":[1.0,0.0],"QhTc":[1.0,0.0],"QhTd":[1.0,0.0],"QhTh":[1.0,0.0],"QhTs":[1.0,0.0],"TdTc":[1.0,0.0],"ThTc":[1.0,0.0],"ThTd":[1.0,0.0],"TsTc":[1.0,0.0],"TsTd":[1.0,0.0],"TsTh":[1.0,0.0]}}},"BET 9.000000":{"actions":["CALL","FOLD"],"node_type":"action_node","player":0,"strategy":{"actions":["CALL","FOLD"],"strategy":{"3h3d":[1.0,0.0],"3s3d":[1.0,0.0],"3s3h":[1.0,0.0],"8h8c":[1.0,0.0],"8s8c":[1.0,0.0],"8s8h":[1.0,0.0],"9c8c":[1.0,0.0],"9d9c":[1.0,0.0],"9h8h":[1.0,0.0],"9h9c":[1.0,0.0],"9h9d":[1.0,0.0],"9s8s":[1.0,0.0],"9s9c":[1.0,0.0],"9s9d":[1.0,0.0],"9s9h":[1.0,0.0],"Ac8c":[1.0,0.0],"Ac8h":[1.0,0.0],"Ac8s":[1.0,0.0],"AcQc":[1.0,0.0],"AcQd":[1.0,0.0],"AcQh":[1.0,0.0],"Ad8c":[1.0,0.0],"Ad8h":[1.0,0.0],"Ad8s":[1.0,0.0],"AdAc":[1.0,0.0],"AdQc":[1.0,0.0],"AdQd":[1.0,0.0],"AdQh":[1.0,0.0],"Ah8c":[1.0,0.0],"Ah8h":[1.0,0.0],"Ah8s":[1.0,0.0],"AhAc":[1.0,0.0],"AhAd":[1.0,0.0],"AhQc":[1.0,0.0],"AhQd":[1.0,0.0],"AhQh":[1.0,0.0],"As8c":[1.0,0.0],"As8h":[1.0,0.0],"As8s":[1.0,0.0],"AsAc":[1.0,0.0],"AsAd":[1.0,0.0],"AsAh":[1.0,0.0],"AsQc":[1.0,0.0],"AsQd":[1.0,0.0],"AsQh":[1.0,0.0],"JdJc":[1.0,0.0],"JhJc":[1.0,0.0],"JhJd":[1.0,0.0],"JsJc":[1.0,0.0],"JsJd":[1.0,0.0],"JsJh":[1.0,0.0],"KcQc":[1.0,0.0],"KcQd":[1.0,0.0],"KcQh":[1.0,0.0],"KdKc":[1.0,0.0],"KdQc":[1.0,0.0],"KdQd":[1.0,0.0],"KdQh":[1.0,0.0],"KhKc":[1.0,0.0],"KhKd":[1.0,0.0],"KhQc":[1.0,0.0],"KhQd":[1.0,0.0],"KhQh":[1.0,0.0],"KsKc":[1.0,0.0],"KsKd":[1.0,0.0],"KsKh":[1.0,0.0],"KsQc":[1.0,0.0],"KsQd":[1.0,0.0],"KsQh":[1.0,0.0],"Qc9c":[1.0,0.0],"Qc9d":[1.0,0.0],"Qc9h":[1.0,0.0],"Qc9s":[1.0,0.0],"QcJc":[1.0,0.0],"QcJd":[1.0,0.0],"QcJh":[1.0,0.0],"QcJs":[1.0,0.0],"QcTc":[1.0,0.0],"QcTd":[1.0,0.0],"QcTh":[1.0,0.0],"QcTs":[1.0,0.0],"Qd9c":[1.0,0.0],"Qd9d":[1.0,0.0],"Qd9h":[1.0,0.0],"Qd9s":[1.0,0.0],"QdJc":[1.0,0.0],"QdJd":[1.0,0.0],"QdJh":[1.0,0.0],"QdJs":[1.0,0.0],"QdQc":[1.0,0.0],"QdTc":[1.0,0.0],"QdTd":[1.0,0.0],"QdTh":[1.0,0.0],"QdTs":[1.0,0.0],"Qh9c":[1.0,0.0],"Qh9d":[1.0,0.0],"Qh9h":[1.0,0.0],"Qh9s":[1.0,0.0],"QhJc":[1.0,0.0],"QhJd":[1.0,0.0],"QhJh":[1.0,0.0],"QhJs":[1.0,0.0],"QhQc":[1.0,0.0],"QhQd":[1.0,0.0],"QhTc":[1.0,0.0],"QhTd":[1.0,0.0],"QhTh":[1.0,0.0],"QhTs":[1.0,0.0],"TdTc":[1.0,0.0],"ThTc":[1.0,0.0],"ThTd":[1.0,0.0],"TsTc":[1.0,0.0],"TsTd":[1.0,0.0],"TsTh":[1.0,0.0]}}},"CHECK":{"actions":["CHECK","BET 4.000000","BET 9.000000"],"childrens":{"BET 4.000000":{"actions":["CALL","FOLD"],"node_type":"action_node","player":1,"strategy":{"actions":["CALL","FOLD"],"strategy":{"3h3d":[1.0,0.0],"3s3d":[1.0,0.0],"3s3h":[1.0,0.0],"5c4c":[1.0,0.0],"5d4d":[1.0,0.0],"5s4s":[1.0,0.0],"6c5c":[1.0,0.0],"6d5d":[1.0,0.0],"6h5h":[1.0,0.0],"6s5s":[1.0,0.0],"7c6c":[1.0,0.0],"7d6d":[1.0,0.0],"7h6h":[1.0,0.0],"7s6s":[1.0,0.0],"8c7c":[1.0,0.0],"8h7h":[1.0,0.0],"8h8c":[1.0,0.0],"8s7s":[1.0,0.0],"8s8c":[1.0,0.0],"8s8h":[1.0,0.0],"9c8c":[1.0,0.0],"9h8h":[1.0,0.0],"9s8s":[1.0,0.0],"Ac8c":[1.0,0.0],"Ac8h":[1.0,0.0],"Ac8s":[1.0,0.0],"AcQc":[1.0,0.0],"AcQd":[1.0,0.0],"AcQh":[1.0,0.0],"Ad8c":[1.0,0.0],"Ad8h":[1.0,0.0],"Ad8s":[1.0,0.0],"AdQc":[1.0,0.0],"AdQd":[1.0,0.0],"AdQh":[1.0,0.0],"Ah8c":[1.0,0.0],"Ah8h":[1.0,0.0],"Ah8s":[1.0,0.0],"AhQc":[1.0,0.0],"AhQd":[1.0,0.0],"AhQh":[1.0,0.0],"As8c":[1.0,0.0],"As8h":[1.0,0.0],"As8s":[1.0,0.0],"AsQc":[1.0,0.0],"AsQd":[1.0,0.0],"AsQh":[1.0,0.0],"KcQc":[1.0,0.0],"KcQd":[1.0,0.0],"KcQh":[1.0,0.0],"KdQc":[1.0,0.0],"KdQd":[1.0,0.0],"KdQh":[1.0,0.0],"KhQc":[1.0,0.0],"KhQd":[1.0,0.0],"KhQh":[1.0,0.0],"KsQc":[1.0,0.0],"KsQd":[1.0,0.0],"KsQh":[1.0,0.0],"Qc8c":[1.0,0.0],"Qc8h":[1.0,0.0],"Qc8s":[1.0,0.0],"Qc9c":[1.0,0.0],"Qc9d":[1.0,0.0],"Qc9h":[1.0,0.0],"Qc9s":[1.0,0.0],"QcJc":[1.0,0.0],"QcJd":[1.0,0.0],"QcJh":[1.0,0.0],"QcJs":[1.0,0.0],"QcTc":[1.0,0.0],"QcTd":[1.0,0.0],"QcTh":[1.0,0.0],"QcTs":[1.0,0.0],"Qd8c":[1.0,0.0],"Qd8h":[1.0,0.0],"Qd8s":[1.0,0.0],"Qd9c":[1.0,0.0],"Qd9d":[1.0,0.0],"Qd9h":[1.0,0.0],"Qd9s":[1.0,0.0],"QdJc":[1.0,0.0],"QdJd":[1.0,0.0],"QdJh":[1.0,0.0],"QdJs":[1.0,0.0],"QdQc":[1.0,0.0],"QdTc":[1.0,0.0],"QdTd":[1.0,0.0],"QdTh":[1.0,0.0],"QdTs":[1.0,0.0],"Qh8c":[1.0,0.0],"Qh8h":[1.0,0.0],"Qh8s":[1.0,0.0],"Qh9c":[1.0,0.0],"Qh9d":[1.0,0.0],"Qh9h":[1.0,0.0],"Qh9s":[1.0,0.0],"QhJc":[1.0,0.0],"QhJd":[1.0,0.0],"QhJh":[1.0,0.0],"QhJs":[1.0,0.0],"QhQc":[1.0,0.0],"QhQd":[1.0,0.0],"QhTc":[1.0,0.0],"QhTd":[1.0,0.0],"QhTh":[1.0,0.0],"QhTs":[1.0,0.0]}}},"BET 9.000000":{"actions":["CALL","FOLD"],"node_type":"action_node","player":1,"strategy":{"actions":["CALL","FOLD"],"strategy":{"3h3d":[1.0,0.0],"3s3d":[1.0,0.0],"3s3h":[1.0,0.0],"5c4c":[1.0,0.0],"5d4d":[1.0,0.0],"5s4s":[1.0,0.0],"6c5c":[1.0,0.0],"6d5d":[1.0,0.0],"6h5h":[1.0,0.0],"6s5s":[1.0,0.0],"7c6c":[1.0,0.0],"7d6d":[1.0,0.0],"7h6h":[1.0,0.0],"7s6s":[1.0,0.0],"8c7c":[1.0,0.0],"8h7h":[1.0,0.0],"8h8c":[1.0,0.0],"8s7s":[1.0,0.0],"8s8c":[1.0,0.0],"8s8h":[1.0,0.0],"9c8c":[1.0,0.0],"9h8h":[1.0,0.0],"9s8s":[1.0,0.0],"Ac8c":[1.0,0.0],"Ac8h":[1.0,0.0],"Ac8s":[1.0,0.0],"AcQc":[1.0,0.0],"AcQd":[1.0,0.0],"AcQh":[1.0,0.0],"Ad8c":[1.0,0.0],"Ad8h":[1.0,0.0],"Ad8s":[1.0,0.0],"AdQc":[1.0,0.0],"AdQd":[1.0,0.0],"AdQh":[1.0,0.0],"Ah8c":[1.0,0.0],"Ah8h":[1.0,0.0],"Ah8s":[1.0,0.0],"AhQc":[1.0,0.0],"AhQd":[1.0,0.0],"AhQh":[1.0,0.0],"As8c":[1.0,0.0],"As8h":[1.0,0.0],"As8s":[1.0,0.0],"AsQc":[1.0,0.0],"AsQd":[1.0,0.0],"AsQh":[1.0,0.0],"KcQc":[1.0,0.0],"KcQd":[1.0,0.0],"KcQh":[1.0,0.0],"KdQc":[1.0,0.0],"KdQd":[1.0,0.0],"KdQh":[1.0,0.0],"KhQc":[1.0,0.0],"KhQd":[1.0,0.0],"KhQh":[1.0,0.0],"KsQc":[1.0,0.0],"KsQd":[1.0,0.0],"KsQh":[1.0,0.0],"Qc8c":[1.0,0.0],"Qc8h":[1.0,0.0],"Qc8s":[1.0,0.0],"Qc9c":[1.0,0.0],"Qc9d":[1.0,0.0],"Qc9h":[1.0,0.0],"Qc9s":[1.0,0.0],"QcJc":[1.0,0.0],"QcJd":[1.0,0.0],"QcJh":[1.0,0.0],"QcJs":[1.0,0.0],"QcTc":[1.0,0.0],"QcTd":[1.0,0.0],"QcTh":[1.0,0.0],"QcTs":[1.0,0.0],"Qd8c":[1.0,0.0],"Qd8h":[1.0,0.0],"Qd8s":[1.0,0.0],"Qd9c":[1.0,0.0],"Qd9d":[1.0,0.0],"Qd9h":[1.0,0.0],"Qd9s":[1.0,0.0],"QdJc":[1.0,0.0],"QdJd":[1.0,0.0],"QdJh":[1.0,0.0],"QdJs":[1.0,0.0],"QdQc":[1.0,0.0],"QdTc":[1.0,0.0],"QdTd":[1.0,0.0],"QdTh":[1.0,0.0],"QdTs":[1.0,0.0],"Qh8c":[1.0,0.0],"Qh8h":[1.0,0.0],"Qh8s":[1.0,0.0],"Qh9c":[1.0,0.0],"Qh9d":[1.0,0.0],"Qh9h":[1.0,0.0],