{"actions":["CHECK","BET 3.000000","BET 7.000000"],"childrens":{"BET 3.000000":{"actions":["CALL","FOLD"],"node_type":"action_node","player":0,"strategy":{"actions":["CALL","FOLD"],"strategy":{"2d2c":[1.0,0.0],"2h2c":[1.0,0.0],"2h2d":[1.0,0.0],"7h7c":[1.0,0.0],"7s7c":[1.0,0.0],"7s7h":[1.0,0.0],"8d8c":[1.0,0.0],"8h8c":[1.0,0.0],"8h8d":[1.0,0.0],"8s8c":[1.0,0.0],"8s8d":[1.0,0.0],"8s8h":[1.0,0.0],"9d9c":[1.0,0.0],"9h9c":[1.0,0.0],"9h9d":[1.0,0.0],"9s9c":[1.0,0.0],"9s9d":[1.0,0.0],"9s9h":[1.0,0.0],"AcJc":[1.0,0.0],"AcJd":[1.0,0.0],"AcJs":[1.0,0.0],"AcKc":[1.0,0.0],"AcKd":[1.0,0.0],"AcKh":[1.0,0.0],"AdAc":[1.0,0.0],"AdJc":[1.0,0.0],"AdJd":[1.0,0.0],"AdJs":[1.0,0.0],"AdKc":[1.0,0.0],"AdKd":[1.0,0.0],"AdKh":[1.0,0.0],"AhAc":[1.0,0.0],"AhAd":[1.0,0.0],"AhJc":[1.0,0.0],"AhJd":[1.0,0.0],"AhJs":[1.0,0.0],"AhKc":[1.0,0.0],"AhKd":[1.0,0.0],"AhKh":[1.0,0.0],"AsAc":[1.0,0.0],"AsAd":[1.0,0.0],"AsAh":[1.0,0.0],"AsJc":[1.0,0.0],"AsJd":[1.0,0.0],"AsJs":[1.0,0.0],"AsKc":[1.0,0.0],"AsKd":[1.0,0.0],"AsKh":[1.0,0.0],"Jc9c":[1.0,0.0],"Jc9d":[1.0,0.0],"Jc9h":[1.0,0.0],"Jc9s":[1.0,0.0],"JcTc":[1.0,0.0],"JcTd":[1.0,0.0],"JcTh":[1.0,0.0],"JcTs":[1.0,0.0],"Jd9c":[1.0,0.0],"Jd9d":[1.0,0.0],"Jd9h":[1.0,0.0],"Jd9s":[1.0,0.0],"JdJc":[1.0,0.0],"JdTc":[1.0,0.0],"JdTd":[1.0,0.0],"JdTh":[1.0,0.0],"JdTs":[1.0,0.0],"Js9c":[1.0,0.0],"Js9d":[1.0,0.0],"Js9h":[1.0,0.0],"Js9s":[1.0,0.0],"JsJc":[1.0,0.0],"JsJd":[1.0,0.0],"JsTc":[1.0,0.0],"JsTd":[1.0,0.0],"JsTh":[1.0,0.0],"JsTs":[1.0,0.0],"KcJc":[1.0,0.0],"KcJd":[1.0,0.0],"KcJs":[1.0,0.0],"KdJc":[1.0,0.0],"KdJd":[1.0,0.0],"KdJs":[1.0,0.0],"KdKc":[1.0,0.0],"KhJc":[1.0,0.0],"KhJd":[1.0,0.0],"KhJs":[1.0,0.0],"KhKc":[1.0,0.0],"KhKd":[1.0,0.0],"QcJc":[1.0,0.0],"QcJd":[1.0,0.0],"QcJs":[1.0,0.0],"QdJc":[1.0,0.0],"QdJd":[1.0,0.0],"QdJs":[1.0,0.0],"QdQc":[1.0,0.0],"QhJc":[1.0,0.0],"QhJd":[1.0,0.0],"QhJs":[1.0,0.0],"QhQc":[1.0,0.0],"QhQd":[1.0,0.0],"QsJc":[1.0,0.0],"QsJd":[1.0,0.0],"QsJs":[1.0,0.0],"QsQc":[1.0,0.0],"QsQd":[1.0,0.0],"QsQh":[1.0,0.0],"TdTc":[1.0,0.0],"ThTc":[1.0,0.0],"ThTd":[1.0,0.0],"TsTc":[1.0,0.0],"TsTd":[1.0,0.0],"TsTh":[1.0,0.0]}}},"BET 7.000000":{"actions":["CALL","FOLD"],"node_type":"action_node","player":0,"strategy":{"actions":["CALL","FOLD"],"strategy":{"2d2c":[1.0,0.0],"2h2c":[1.0,0.0],"2h2d":[1.0,0.0],"7h7c":[1.0,0.0],"7s7c":[1.0,0.0],"7s7h":[1.0,0.0],"8d8c":[1.0,0.0],"8h8c":[1.0,0.0],"8h8d":[1.0,0.0],"8s8c":[1.0,0.0],"8s8d":[1.0,0.0],"8s8h":[1.0,0.0],"9d9c":[1.0,0.0],"9h9c":[1.0,0.0],"9h9d":[1.0,0.0],"9s9c":[1.0,0.0],"9s9d":[1.0,0.0],"9s9h":[1.0,0.0],"AcJc":[1.0,0.0],"AcJd":[1.0,0.0],"AcJs":[1.0,0.0],"AcKc":[1.0,0.0],"AcKd":[1.0,0.0],"AcKh":[1.0,0.0],"AdAc":[1.0,0.0],"AdJc":[1.0,0.0],"AdJd":[1.0,0.0],"AdJs":[1.0,0.0],"AdKc":[1.0,0.0],"AdKd":[1.0,0.0],"AdKh":[1.0,0.0],"AhAc":[1.0,0.0],"AhAd":[1.0,0.0],"AhJc":[1.0,0.0],"AhJd":[1.0,0.0],"AhJs":[1.0,0.0],"AhKc":[1.0,0.0],"AhKd":[1.0,0.0],"AhKh":[1.0,0.0],"AsAc":[1.0,0.0],"AsAd":[1.0,0.0],"AsAh":[1.0,0.0],"AsJc":[1.0,0.0],"AsJd":[1.0,0.0],"AsJs":[1.0,0.0],"AsKc":[1.0,0.0],"AsKd":[1.0,0.0],"AsKh":[1.0,0.0],"Jc9c":[1.0,0.0],"Jc9d":[1.0,0.0],"Jc9h":[1.0,0.0],"Jc9s":[1.0,0.0],"JcTc":[1.0,0.0],"JcTd":[1.0,0.0],"JcTh":[1.0,0.0],"JcTs":[1.0,0.0],"Jd9c":[1.0,0.0],"Jd9d":[1.0,0.0],"Jd9h":[1.0,0.0],"Jd9s":[1.0,0.0],"JdJc":[1.0,0.0],"JdTc":[1.0,0.0],"JdTd":[1.0,0.0],"JdTh":[1.0,0.0],"JdTs":[1.0,0.0],"Js9c":[1.0,0.0],"Js9d":[1.0,0.0],"Js9h":[1.0,0.0],"Js9s":[1.0,0.0],"JsJc":[1.0,0.0],"JsJd":[1.0,0.0],"JsTc":[1.0,0.0],"JsTd":[1.0,0.0],"JsTh":[1.0,0.0],"JsTs":[1.0,0.0],"KcJc":[1.0,0.0],"KcJd":[1.0,0.0],"KcJs":[1.0,0.0],"KdJc":[1.0,0.0],"KdJd":[1.0,0.0],"KdJs":[1.0,0.0],"KdKc":[1.0,0.0],"KhJc":[1.0,0.0],"KhJd":[1.0,0.0],"KhJs":[1.0,0.0],"KhKc":[1.0,0.0],"KhKd":[1.0,0.0],"QcJc":[1.0,0.0],"QcJd":[1.0,0.0],"QcJs":[1.0,0.0],"QdJc":[1.0,0.0],"QdJd":[1.0,0.0],"QdJs":[1.0,0.0],"QdQc":[1.0,0.0],"QhJc":[1.0,0.0],"QhJd":[1.0,0.0],"QhJs":[1.0,0.0],"QhQc":[1.0,0.0],"QhQd":[1.0,0.0],"QsJc":[1.0,0.0],"QsJd":[1.0,0.0],"QsJs":[1.0,0.0],"QsQc":[1.0,0.0],"QsQd":[1.0,0.0],"QsQh":[1.0,0.0],"TdTc":[1.0,0.0],"ThTc":[1.0,0.0],"ThTd":[1.0,0.0],"TsTc":[1.0,0.0],"TsTd":[1.0,0.0],"TsTh":[1.0,0.0]}}},"CHECK":{"actions":["CHECK","BET 3.000000","BET 7.000000"],"childrens":{"BET 3.000000":{"actions":["CALL","FOLD"],"node_type":"action_node","player":1,"strategy":{"actions":["CALL","FOLD"],"strategy":{"2d2c":[1.0,0.0],"2h2c":[1.0,0.0],"2h2d":[1.0,0.0],"6c5c":[1.0,0.0],"6d5d":[1.0,0.0],"6h5h":[1.0,0.0],"6s5s":[1.0,0.0],"7c6c":[1.0,0.0],"7h6h":[1.0,0.0],"7h7c":[1.0,0.0],"7s6s":[1.0,0.0],"7s7c":[1.0,0.0],"7s7h":[1.0,0.0],"8c7c":[1.0,0.0],"8h7h":[1.0,0.0],"8s7s":[1.0,0.0],"Ac7c":[1.0,0.0],"Ac7h":[1.0,0.0],"Ac7s":[1.0,0.0],"AcJc":[1.0,0.0],"AcJd":[1.0,0.0],"AcJs":[1.0,0.0],"AcKc":[1.0,0.0],"AcKd":[1.0,0.0],"AcKh":[1.0,0.0],"Ad7c":[1.0,0.0],"Ad7h":[1.0,0.0],"Ad7s":[1.0,0.0],"AdAc":[1.0,0.0],"AdJc":[1.0,0.0],"AdJd":[1.0,0.0],"AdJs":[1.0,0.0],"AdKc":[1.0,0.0],"AdKd":[1.0,0.0],"AdKh":[1.0,0.0],"Ah7c":[1.0,0.0],"Ah7h":[1.0,0.0],"Ah7s":[1.0,0.0],"AhAc":[1.0,0.0],"AhAd":[1.0,0.0],"AhJc":[1.0,0.0],"AhJd":[1.0,0.0],"AhJs":[1.0,0.0],"AhKc":[1.0,0.0],"AhKd":[1.0,0.0],"AhKh":[1.0,0.0],"As7c":[1.0,0.0],"As7h":[1.0,0.0],"As7s":[1.0,0.0],"AsAc":[1.0,0.0],"AsAd":[1.0,0.0],"AsAh":[1.0,0.0],"AsJc":[1.0,0.0],"AsJd":[1.0,0.0],"AsJs":[1.0,0.0],"AsKc":[1.0,0.0],"AsKd":[1.0,0.0],"AsKh":[1.0,0.0],"Jc9c":[1.0,0.0],"Jc9d":[1.0,0.0],"Jc9h":[1.0,0.0],"Jc9s":[1.0,0.0],"JcTc":[1.0,0.0],"JcTd":[1.0,0.0],"JcTh":[1.0,0.0],"JcTs":[1.0,0.0],"Jd9c":[1.0,0.0],"Jd9d":[1.0,0.0],"Jd9h":[1.0,0.0],"Jd9s":[1.0,0.0],"JdJc":[1.0,0.0],"JdTc":[1.0,0.0],"JdTd":[1.0,0.0],"JdTh":[1.0,0.0],"JdTs":[1.0,0.0],"Js9c":[1.0,0.0],"Js9d":[1.0,0.0],"Js9h":[1.0,0.0],"Js9s":[1.0,0.0],"JsJc":[1.0,0.0],"JsJd":[1.0,0.0],"JsTc":[1.0,0.0],"JsTd":[1.0,0.0],"JsTh":[1.0,0.0],"JsTs":[1.0,0.0],"KcJc":[1.0,0.0],"KcJd":[1.0,0.0],"KcJs":[1.0,0.0],"KdJc":[1.0,0.0],"KdJd":[1.0,0.0],"KdJs":[1.0,0.0],"KdKc":[1.0,0.0],"KhJc":[1.0,0.0],"KhJd":[1.0,0.0],"KhJs":[1.0,0.0],"KhKc":[1.0,0.0],"KhKd":[1.0,0.0],"QcJc":[1.0,0.0],"QcJd":[1.0,0.0],"QcJs":[1.0,0.0],"QdJc":[1.0,0.0],"QdJd":[1.0,0.0],"QdJs":[1.0,0.0],"QhJc":[1.0,0.0],"QhJd":[1.0,0.0],"QhJs":[1.0,0.0],"QsJc":[1.0,0.0],"QsJd":[1.0,0.0],"QsJs":[1.0,0.0]}}},"BET 7.000000":{"actions":["CALL","FOLD"],"node_type":"action_node","player":1,"strategy":{"actions":["CALL","FOLD"],"strategy":{"2d2c":[1.0,0.0],"2h2c":[1.0,0.0],"2h2d":[1.0,0.0],"6c5c":[1.0,0.0],"6d5d":[1.0,0.0],"6h5h":[1.0,0.0],"6s5s":[1.0,0.0],"7c6c":[1.0,0.0],"7h6h":[1.0,0.0],"7h7c":[1.0,0.0],"7s6s":[1.0,0.0],"7s7c":[1.0,0.0],"7s7h":[1.0,0.0],"8c7c":[1.0,0.0],"8h7h":[1.0,0.0],"8s7s":[1.0,0.0],"Ac7c":[1.0,0.0],"Ac7h":[1.0,0.0],"Ac7s":[1.0,0.0],"AcJc":[1.0,0.0],"AcJd":[1.0,0.0],"AcJs":[1.0,0.0],"AcKc":[1.0,0.0],"AcKd":[1.0,0.0],"AcKh":[1.0,0.0],"Ad7c":[1.0,0.0],"Ad7h":[1.0,0.0],"Ad7s":[1.0,0.0],"AdAc":[1.0,0.0],"AdJc":[1.0,0.0],"AdJd":[1.0,0.0],"AdJs":[1.0,0.0],"AdKc":[1.0,0.0],"AdKd":[1.0,0.0],"AdKh":[1.0,0.0],"Ah7c":[1.0,0.0],"Ah7h":[1.0,0.0],"Ah7s":[1.0,0.0],"AhAc":[1.0,0.0],"AhAd":[1.0,0.0],"AhJc":[1.0,0.0],"AhJd":[1.0,0.0],"AhJs":[1.0,0.0],"AhKc":[1.0,0.0],"AhKd":[1.0,0.0],"AhKh":[1.0,0.0],"As7c":[1.0,0.0],"As7h":[1.0,0.0],"As7s":[1.0,0.0],"AsAc":[1.0,0.0],"AsAd":[1.0,0.0],"AsAh":[1.0,0.0],"AsJc":[1.0,0.0],"AsJd":[1.0,0.0],"AsJs":[1.0,0.0],"AsKc":[1.0,0.0],"AsKd":[1.0,0.0],"AsKh":[1.0,0.0],"Jc9c":[1.0,0.0],"Jc9d":[1.0,0.0],"Jc9h":[1.0,0.0],"Jc9s":[1.0,0.0],"JcTc":[1.0,0.0],"JcTd":[1.0,0.0],"JcTh":[1.0,0.0],"JcTs":[1.0,0.0],"Jd9c":[1.0,0.0],"Jd9d":[1.0,0.0],"Jd9h":[1.0,0.0],"Jd9s":[1.0,0.0],"JdJc":[1.0,0.0],"JdTc":[1.0,0.0],"JdTd":[1.0,0.0],"JdTh":[1.0,0.0],"JdTs":[1.0,0.0],"Js9c":[1.0,0.0],"Js9d":[1.0,0.0],"Js9h":[1.0,0.0],"Js9s":[1.0,0.0],"JsJc":[1.0,0.0],"JsJd":[1.0,0.0],"JsTc":[1.0,0.0],"JsTd":[1.0,0.0],"JsTh":[1.0,0.0],"JsTs":[1.0,0.0],"KcJc":[1.0,0.0],"KcJd":[1.0,0.0],"KcJs":[1.0,0.0],"KdJc":[1.0,0.0],"KdJd":[1.0,0.0],"KdJs":[1.0,0.0],"KdKc":[1.0,0.0],"KhJc":[1.0,0.0],"KhJd":[1.0,0.0],"KhJs":[1.0,0.0],"KhKc":[1.0,0.0],"KhKd":[1.0,0.0],"QcJc":[1.0,0.0],"QcJd":[1.0,0.0],"QcJs":[1.0,0.0],