{"actions":["CHECK","BET 5.000000","BET 11.000000"],"childrens":{"BET 11.000000":{"actions":["CALL","FOLD"],"node_type":"action_node","player":0,"strategy":{"actions":["CALL","FOLD"],"strategy":{"3d3c":[1.0,0.0],"3s3c":[1.0,0.0],"3s3d":[1.0,0.0],"8d7d":[1.0,0.0],"8h7h":[1.0,0.0],"8h8d":[1.0,0.0],"8s7s":[1.0,0.0],"8s8d":[1.0,0.0],"8s8h":[1.0,0.0],"9d7d":[1.0,0.0],"9d8d":[1.0,0.0],"9h7h":[1.0,0.0],"9h8h":[1.0,0.0],"9h9d":[1.0,0.0],"9s7s":[1.0,0.0],"9s8s":[1.0,0.0],"9s9d":[1.0,0.0],"9s9h":[1.0,0.0],"Ac8d":[1.0,0.0],"Ac8h":[1.0,0.0],"Ac8s":[1.0,0.0],"Ac9d":[1.0,0.0],"Ac9h":[1.0,0.0],"Ac9s":[1.0,0.0],"Ad8d":[1.0,0.0],"Ad8h":[1.0,0.0],"Ad8s":[1.0,0.0],"Ad9d":[1.0,0.0],"Ad9h":[1.0,0.0],"Ad9s":[1.0,0.0],"AdAc":[1.0,0.0],"Ah8d":[1.0,0.0],"Ah8h":[1.0,0.0],"Ah8s":[1.0,0.0],"Ah9d":[1.0,0.0],"Ah9h":[1.0,0.0],"Ah9s":[1.0,0.0],"AhAc":[1.0,0.0],"AhAd":[1.0,0.0],"JdJc":[1.0,0.0],"JhJc":[1.0,0.0],"JhJd":[1.0,0.0],"JsJc":[1.0,0.0],"JsJd":[1.0,0.0],"JsJh":[1.0,0.0],"KdKc":[1.0,0.0],"KhKc":[1.0,0.0],"KhKd":[1.0,0.0],"KsKc":[1.0,0.0],"KsKd":[1.0,0.0],"KsKh":[1.0,0.0],"QdQc":[1.0,0.0],"QhQc":[1.0,0.0],"QhQd":[1.0,0.0],"QsQc":[1.0,0.0],"QsQd":[1.0,0.0],"QsQh":[1.0,0.0],"TdTc":[1.0,0.0],"ThTc":[1.0,0.0],"ThTd":[1.0,0.0],"TsTc":[1.0,0.0],"TsTd":[1.0,0.0],"TsTh":[1.0,0.0]}}},"BET 5.000000":{"actions":["CALL","FOLD"],"node_type":"action_node","player":0,"strategy":{"actions":["CALL","FOLD"],"strategy":{"3d3c":[1.0,0.0],"3s3c":[1.0,0.0],"3s3d":[1.0,0.0],"8d7d":[1.0,0.0],"8h7h":[1.0,0.0],"8h8d":[1.0,0.0],"8s7s":[1.0,0.0],"8s8d":[1.0,0.0],"8s8h":[1.0,0.0],"9d7d":[1.0,0.0],"9d8d":[1.0,0.0],"9h7h":[1.0,0.0],"9h8h":[1.0,0.0],"9h9d":[1.0,0.0],"9s7s":[1.0,0.0],"9s8s":[1.0,0.0],"9s9d":[1.0,0.0],"9s9h":[1.0,0.0],"Ac8d":[1.0,0.0],"Ac8h":[1.0,0.0],"Ac8s":[1.0,0.0],"Ac9d":[1.0,0.0],"Ac9h":[1.0,0.0],"Ac9s":[1.0,0.0],"Ad8d":[1.0,0.0],"Ad8h":[1.0,0.0],"Ad8s":[1.0,0.0],"Ad9d":[1.0,0.0],"Ad9h":[1.0,0.0],"Ad9s":[1.0,0.0],"AdAc":[1.0,0.0],"Ah8d":[1.0,0.0],"Ah8h":[1.0,0.0],"Ah8s":[1.0,0.0],"Ah9d":[1.0,0.0],"Ah9h":[1.0,0.0],"Ah9s":[1.0,0.0],"AhAc":[1.0,0.0],"AhAd":[1.0,0.0],"JdJc":[1.0,0.0],"JhJc":[1.0,0.0],"JhJd":[1.0,0.0],"JsJc":[1.0,0.0],"JsJd":[1.0,0.0],"JsJh":[1.0,0.0],"KdKc":[1.0,0.0],"KhKc":[1.0,0.0],"KhKd":[1.0,0.0],"KsKc":[1.0,0.0],"KsKd":[1.0,0.0],"KsKh":[1.0,0.0],"QdQc":[1.0,0.0],"QhQc":[1.0,0.0],"QhQd":[1.0,0.0],"QsQc":[1.0,0.0],"QsQd":[1.0,0.0],"QsQh":[1.0,0.0],"TdTc":[1.0,0.0],"ThTc":[1.0,0.0],"ThTd":[1.0,0.0],"TsTc":[1.0,0.0],"TsTd":[1.0,0.0],"TsTh":[1.0,0.0]}}},"CHECK":{"actions":["CHECK","BET 5.000000","BET 11.000000"],"childrens":{"BET 11.000000":{"actions":["CALL","FOLD"],"node_type":"action_node","player":1,"strategy":{"actions":["CALL","FOLD"],"strategy":{"2h2c":[1.0,0.0],"2s2c":[1.0,0.0],"2s2h":[1.0,0.0],"3d3c":[1.0,0.0],"3s3c":[1.0,0.0],"3s3d":[1.0,0.0],"7c6c":[1.0,0.0],"7d6d":[1.0,0.0],"7h6h":[1.0,0.0],"7s6s":[1.0,0.0],"8d7d":[1.0,0.0],"8h7h":[1.0,0.0],"8h8d":[1.0,0.0],"8s7s":[1.0,0.0],"8s8d":[1.0,0.0],"8s8h":[1.0,0.0],"9d8d":[1.0,0.0],"9h8h":[1.0,0.0],"9h9d":[1.0,0.0],"9s8s":[1.0,0.0],"9s9d":[1.0,0.0],"9s9h":[1.0,0.0],"Ac8d":[1.0,0.0],"Ac8h":[1.0,0.0],"Ac8s":[1.0,0.0],"Ac9d":[1.0,0.0],"Ac9h":[1.0,0.0],"Ac9s":[1.0,0.0],"AcKc":[1.0,0.0],"AcKd":[1.0,0.0],"AcKh":[1.0,0.0],"AcKs":[1.0,0.0],"Ad8d":[1.0,0.0],"Ad8h":[1.0,0.0],"Ad8s":[1.0,0.0],"Ad9d":[1.0,0.0],"Ad9h":[1.0,0.0],"Ad9s":[1.0,0.0],"AdAc":[1.0,0.0],"AdKc":[1.0,0.0],"AdKd":[1.0,0.0],"AdKh":[1.0,0.0],"AdKs":[1.0,0.0],"Ah8d":[1.0,0.0],"Ah8h":[1.0,0.0],"Ah8s":[1.0,0.0],"Ah9d":[1.0,0.0],"Ah9h":[1.0,0.0],"Ah9s":[1.0,0.0],"AhAc":[1.0,0.0],"AhAd":[1.0,0.0],"AhKc":[1.0,0.0],"AhKd":[1.0,0.0],"AhKh":[1.0,0.0],"AhKs":[1.0,0.0],"JdJc":[1.0,0.0],"JhJc":[1.0,0.0],"JhJd":[1.0,0.0],"JsJc":[1.0,0.0],"JsJd":[1.0,0.0],"JsJh":[1.0,0.0],"KdKc":[1.0,0.0],"KhKc":[1.0,0.0],"KhKd":[1.0,0.0],"KsKc":[1.0,0.0],"KsKd":[1.0,0.0],"KsKh":[1.0,0.0],"QdQc":[1.0,0.0],"QhQc":[1.0,0.0],"QhQd":[1.0,0.0],"QsQc":[1.0,0.0],"QsQd":[1.0,0.0],"QsQh":[1.0,0.0],"TdTc":[1.0,0.0],"ThTc":[1.0,0.0],"ThTd":[1.0,0.0],"TsTc":[1.0,0.0],"TsTd":[1.0,0.0],"TsTh":[1.0,0.0]}}},"BET 5.000000":{"actions":["CALL","FOLD"],"node_type":"action_node","player":1,"strategy":{"actions":["CALL","FOLD"],"strategy":{"2h2c":[1.0,0.0],"2s2c":[1.0,0.0],"2s2h":[1.0,0.0],"3d3c":[1.0,0.0],"3s3c":[1.0,0.0],"3s3d":[1.0,0.0],"7c6c":[1.0,0.0],"7d6d":[1.0,0.0],"7h6h":[1.0,0.0],"7s6s":[1.0,0.0],"8d7d":[1.0,0.0],"8h7h":[1.0,0.0],"8h8d":[1.0,0.0],"8s7s":[1.0,0.0],"8s8d":[1.0,0.0],"8s8h":[1.0,0.0],"9d8d":[1.0,0.0],"9h8h":[1.0,0.0],"9h9d":[1.0,0.0],"9s8s":[1.0,0.0],"9s9d":[1.0,0.0],"9s9h":[1.0,0.0],"Ac8d":[1.0,0.0],"Ac8h":[1.0,0.0],"Ac8s":[1.0,0.0],"Ac9d":[1.0,0.0],"Ac9h":[1.0,0.0],"Ac9s":[1.0,0.0],"AcKc":[1.0,0.0],"AcKd":[1.0,0.0],"AcKh":[1.0,0.0],"AcKs":[1.0,0.0],"Ad8d":[1.0,0.0],"Ad8h":[1.0,0.0],"Ad8s":[1.0,0.0],"Ad9d":[1.0,0.0],"Ad9h":[1.0,0.0],"Ad9s":[1.0,0.0],"AdAc":[1.0,0.0],"AdKc":[1.0,0.0],"AdKd":[1.0,0.0],"AdKh":[1.0,0.0],"AdKs":[1.0,0.0],"Ah8d":[1.0,0.0],"Ah8h":[1.0,0.0],"Ah8s":[1.0,0.0],"Ah9d":[1.0,0.0],"Ah9h":[1.0,0.0],"Ah9s":[1.0,0.0],"AhAc":[1.0,0.0],"AhAd":[1.0,0.0],"AhKc":[1.0,0.0],"AhKd":[1.0,0.0],"AhKh":[1.0,0.0],"AhKs":[1.0,0.0],"JdJc":[1.0,0.0],"JhJc":[1.0,0.0],"JhJd":[1.0,0.0],"JsJc":[1.0,0.0],"JsJd":[1.0,0.0],"JsJh":[1.0,0.0],"KdKc":[1.0,0.0],"KhKc":[1.0,0.0],"KhKd":[1.0,0.0],"KsKc":[1.0,0.0],"KsKd":[1.0,0.0],"KsKh":[1.0,0.0],"QdQc":[1.0,0.0],"QhQc":[1.0,0.0],"QhQd":[1.0,0.0],"QsQc":[1.0,0.0],"QsQd":[1.0,0.0],"QsQh":[1.0,0.0],"TdTc":[1.0,0.0],"ThTc":[1.0,0.0],"ThTd":[1.0,0.0],"TsTc":[1.0,0.0],"TsTd":[1.0,0.0],"TsTh":[1.0,0.0]}}}},"node_type":"action_node","player":0,"strategy":{"actions":["CHECK","BET 5.000000","BET 11.000000"],"strategy":{"3d3c":[0.0,0.5,0.5],"3s3c":[0.0,0.5,0.5],"3s3d":[0.0,0.5,0.5],"8d7d":[0.0,0.5,0.5],"8h7h":[0.0,0.5,0.5],"8h8d":[0.0,0.5,0.5],"8s7s":[0.0,0.5,0.5],"8s8d":[0.0,0.5,0.5],"8s8h":[0.0,0.5,0.5],"9d7d":[0.0,0.5,0.5],"9d8d":[0.0,0.5,0.5],"9h7h":[0.0,0.5,0.5],"9h8h":[0.0,0.5,0.5],"9h9d":[0.0,0.5,0.5],"9s7s":[0.0,0.5,0.5],"9s8s":[0.0,0.5,0.5],"9s9d":[0.0,0.5,0.5],"9s9h":[0.0,0.5,0.5],"Ac8d":[0.0,0.5,0.5],"Ac8h":[0.0,0.5,0.5],"Ac8s":[0.0,0.5,0.5],"Ac9d":[0.0,0.5,0.5],"Ac9h":[0.0,0.5,0.5],"Ac9s":[0.0,0.5,0.5],"Ad8d":[0.0,0.5,0.5],"Ad8h":[0.0,0.5,0.5],"Ad8s":[0.0,0.5,0.5],"Ad9d":[0.0,0.5,0.5],"Ad9h":[0.0,0.5,0.5],"Ad9s":[0.0,0.5,0.5],"AdAc":[0.0,0.5,0.5],"Ah8d":[0.0,0.5,0.5],"Ah8h":[0.0,0.5,0.5],"Ah8s":[0.0,0.5,0.5],"Ah9d":[0.0,0.5,0.5],"Ah9h":[0.0,0.5,0.5],"Ah9s":[0.0,0.5,0.5],"AhAc":[0.0,0.5,0.5],"AhAd":[0.0,0.5,0.5],"JdJc":[0.0,0.5,0.5],"JhJc":[0.0,0.5,0.5],"JhJd":[0.0,0.5,0.5],"JsJc":[0.0,0.5,0.5],"JsJd":[0.0,0.5,0.5],"JsJh":[0.0,0.5,0.5],"KdKc":[0.0,0.5,0.5],"KhKc":[0.0,0.5,0.5],"KhKd":[0.0,0.5,0.5],"KsKc":[0.0,0.5,0.5],"KsKd":[0.0,0.5,0.5],"KsKh":[0.0,0.5,0.5],"QdQc":[0.0,0.5,0.5],"QhQc":[0.0,0.5,0.5],"QhQd":[0.0,0.5,0.5],"QsQc":[0.0,0.5,0.5],"QsQd":[0.0,0.5,0.5],"QsQh":[0.0,0.5,0.5],"TdTc":[0.0,0.5,0.5],"ThTc":[0.0,0.5,0.5],"ThTd":[0.0,0.5,0.5],"TsTc":[0.0,0.5,0.5],"TsTd":[0.0,0.5,0.5],"TsTh":[0.0,0.5,0.5]}}}},"node_type":"action_node","player":1,"strategy":{"actions":["CHECK","BET 5.000000","BET 11.000000"],"strategy":{"2h2c":[0.0,0.5,0.5],"2s2c":[0.0,0.5,0.5],"2s2h":[0.0,0.5,0.5],"3d3c":[0.0,0.5,0.5],"3s3c":[0.0,0.5,0.5],"3s3d":[0.0,0.5,0.5],"7c6c":[0.0,0.5,0.5],"7d6d":[0.0,0.5,0.5],"7h6h":[0.0,0.5,0.5],"7s6s":[0.0,0.5,0.5],"8d7d":[0.0,0.5,0.5],"8h7h":[0.0,0.5,0.5],"8h8d":[0.0,0.5,0.5],"8s7s":[0.0,0.5,0.5],"8s8d":[0.0,0.5,0.5],"8s8h":[0.0,0.5,0.5],"9d8d":[0.0,0.5,0.5],"9h8h":[0.0,0.5,0.5],"9h9d":[0.0,0.5,0.5],"9s8s":[0.0,0.5,0.5],"9s9d":[0.0,0.5,0.5],"9s9h":[0.0,0.5,0.5],"Ac8d":[0.0,0.5,0.5],"Ac8h":[0.0,0.5,0.5],"Ac8s":[0.0,0.5,0.5],"Ac9d":[0.0,0.5,0.5],"Ac9h":[0.0,0.5,0.5],"Ac9s":[0.0,0.5,0.5],"AcKc":[0.0,0.5,0.5],"AcKd":[0.0,0.5,0.5],"AcKh":[0.0,0.5,0.5],"AcKs":[0.0,0.5,0.5],"Ad8d":[0.0,0.5,0.5],"Ad8h":[0.0,0.5,0.5],"Ad8s":[0.0,0.5,0.5],"Ad9d":[0.0,0.5,0.5],"Ad9h":[0.0,0.5,0.5],"Ad9s":[0.0,0.5,0.5],"AdAc":[0.0,0.5,0.5],"AdKc":[0.0,0.5,0.5],"AdKd":[0.0,0.5,0.5],"AdKh":[0.0,0.5,0.5],"AdKs":[0.0,0.5,0.5],"Ah8d":[0.0,0.5,0.5],"Ah8h":[0.0,0.5,0.5],