{"actions":["CHECK","BET 4.000000","BET 9.000000"],"childrens":{"BET 4.000000":{"actions":["CALL","FOLD"],"node_type":"action_node","player":0,"strategy":{"actions":["CALL","FOLD"],"strategy":{"3h3c":[1.0,0.0],"3s3c":[1.0,0.0],"3s3h":[1.0,0.0],"7h7d":[1.0,0.0],"7s7d":[1.0,0.0],"7s7h":[1.0,0.0],"8d8c":[1.0,0.0],"8h8c":[1.0,0.0],"8h8d":[1.0,0.0],"8s8c":[1.0,0.0],"8s8d":[1.0,0.0],"8s8h":[1.0,0.0],"9d7d":[1.0,0.0],"9d9c":[1.0,0.0],"9h7h":[1.0,0.0],"9h9c":[1.0,0.0],"9h9d":[1.0,0.0],"9s7s":[1.0,0.0],"9s9c":[1.0,0.0],"9s9d":[1.0,0.0],"9s9h":[1.0,0.0],"Ac7d":[1.0,0.0],"Ac7h":[1.0,0.0],"Ac7s":[1.0,0.0],"AcTc":[1.0,0.0],"AcTd":[1.0,0.0],"AcTs":[1.0,0.0],"Ad7d":[1.0,0.0],"Ad7h":[1.0,0.0],"Ad7s":[1.0,0.0],"AdAc":[1.0,0.0],"AdTc":[1.0,0.0],"AdTd":[1.0,0.0],"AdTs":[1.0,0.0],"Ah7d":[1.0,0.0],"Ah7h":[1.0,0.0],"Ah7s":[1.0,0.0],"AhAc":[1.0,0.0],"AhAd":[1.0,0.0],"AhTc":[1.0,0.0],"AhTd":[1.0,0.0],"AhTs":[1.0,0.0],"As7d":[1.0,0.0],"As7h":[1.0,0.0],"As7s":[1.0,0.0],"AsAc":[1.0,0.0],"AsAd":[1.0,0.0],"AsAh":[1.0,0.0],"AsTc":[1.0,0.0],"AsTd":[1.0,0.0],"AsTs":[1.0,0.0],"JcTc":[1.0,0.0],"JcTd":[1.0,0.0],"JcTs":[1.0,0.0],"JdJc":[1.0,0.0],"JdTc":[1.0,0.0],"JdTd":[1.0,0.0],"JdTs":[1.0,0.0],"JhJc":[1.0,0.0],"JhJd":[1.0,0.0],"JhTc":[1.0,0.0],"JhTd":[1.0,0.0],"JhTs":[1.0,0.0],"JsJc":[1.0,0.0],"JsJd":[1.0,0.0],"JsJh":[1.0,0.0],"JsTc":[1.0,0.0],"JsTd":[1.0,0.0],"JsTs":[1.0,0.0],"KcTc":[1.0,0.0],"KcTd":[1.0,0.0],"KcTs":[1.0,0.0],"KdKc":[1.0,0.0],"KdTc":[1.0,0.0],"KdTd":[1.0,0.0],"KdTs":[1.0,0.0],"KhKc":[1.0,0.0],"KhKd":[1.0,0.0],"KhTc":[1.0,0.0],"KhTd":[1.0,0.0],"KhTs":[1.0,0.0],"KsKc":[1.0,0.0],"KsKd":[1.0,0.0],"KsKh":[1.0,0.0],"KsTc":[1.0,0.0],"KsTd":[1.0,0.0],"KsTs":[1.0,0.0],"QcTc":[1.0,0.0],"QcTd":[1.0,0.0],"QcTs":[1.0,0.0],"QdQc":[1.0,0.0],"QdTc":[1.0,0.0],"QdTd":[1.0,0.0],"QdTs":[1.0,0.0],"QhQc":[1.0,0.0],"QhQd":[1.0,0.0],"QhTc":[1.0,0.0],"QhTd":[1.0,0.0],"QhTs":[1.0,0.0],"QsQc":[1.0,0.0],"QsQd":[1.0,0.0],"QsQh":[1.0,0.0],"QsTc":[1.0,0.0],"QsTd":[1.0,0.0],"QsTs":[1.0,0.0],"Tc9c":[1.0,0.0],"Tc9d":[1.0,0.0],"Tc9h":[1.0,0.0],"Tc9s":[1.0,0.0],"Td9c":[1.0,0.0],"Td9d":[1.0,0.0],"Td9h":[1.0,0.0],"Td9s":[1.0,0.0],"TdTc":[1.0,0.0],"Ts9c":[1.0,0.0],"Ts9d":[1.0,0.0],"Ts9h":[1.0,0.0],"Ts9s":[1.0,0.0],"TsTc":[1.0,0.0],"TsTd":[1.0,0.0]}}},"BET 9.000000":{"actions":["CALL","FOLD"],"node_type":"action_node","player":0,"strategy":{"actions":["CALL","FOLD"],"strategy":{"3h3c":[1.0,0.0],"3s3c":[1.0,0.0],"3s3h":[1.0,0.0],"7h7d":[1.0,0.0],"7s7d":[1.0,0.0],"7s7h":[1.0,0.0],"8d8c":[1.0,0.0],"8h8c":[1.0,0.0],"8h8d":[1.0,0.0],"8s8c":[1.0,0.0],"8s8d":[1.0,0.0],"8s8h":[1.0,0.0],"9d7d":[1.0,0.0],"9d9c":[1.0,0.0],"9h7h":[1.0,0.0],"9h9c":[1.0,0.0],"9h9d":[1.0,0.0],"9s7s":[1.0,0.0],"9s9c":[1.0,0.0],"9s9d":[1.0,0.0],"9s9h":[1.0,0.0],"Ac7d":[1.0,0.0],"Ac7h":[1.0,0.0],"Ac7s":[1.0,0.0],"AcTc":[1.0,0.0],"AcTd":[1.0,0.0],"AcTs":[1.0,0.0],"Ad7d":[1.0,0.0],"Ad7h":[1.0,0.0],"Ad7s":[1.0,0.0],"AdAc":[1.0,0.0],"AdTc":[1.0,0.0],"AdTd":[1.0,0.0],"AdTs":[1.0,0.0],"Ah7d":[1.0,0.0],"Ah7h":[1.0,0.0],"Ah7s":[1.0,0.0],"AhAc":[1.0,0.0],"AhAd":[1.0,0.0],"AhTc":[1.0,0.0],"AhTd":[1.0,0.0],"AhTs":[1.0,0.0],"As7d":[1.0,0.0],"As7h":[1.0,0.0],"As7s":[1.0,0.0],"AsAc":[1.0,0.0],"AsAd":[1.0,0.0],"AsAh":[1.0,0.0],"AsTc":[1.0,0.0],"AsTd":[1.0,0.0],"AsTs":[1.0,0.0],"JcTc":[1.0,0.0],"JcTd":[1.0,0.0],"JcTs":[1.0,0.0],"JdJc":[1.0,0.0],"JdTc":[1.0,0.0],"JdTd":[1.0,0.0],"JdTs":[1.0,0.0],"JhJc":[1.0,0.0],"JhJd":[1.0,0.0],"JhTc":[1.0,0.0],"JhTd":[1.0,0.0],"JhTs":[1.0,0.0],"JsJc":[1.0,0.0],"JsJd":[1.0,0.0],"JsJh":[1.0,0.0],"JsTc":[1.0,0.0],"JsTd":[1.0,0.0],"JsTs":[1.0,0.0],"KcTc":[1.0,0.0],"KcTd":[1.0,0.0],"KcTs":[1.0,0.0],"KdKc":[1.0,0.0],"KdTc":[1.0,0.0],"KdTd":[1.0,0.0],"KdTs":[1.0,0.0],"KhKc":[1.0,0.0],"KhKd":[1.0,0.0],"KhTc":[1.0,0.0],"KhTd":[1.0,0.0],"KhTs":[1.0,0.0],"KsKc":[1.0,0.0],"KsKd":[1.0,0.0],"KsKh":[1.0,0.0],"KsTc":[1.0,0.0],"KsTd":[1.0,0.0],"KsTs":[1.0,0.0],"QcTc":[1.0,0.0],"QcTd":[1.0,0.0],"QcTs":[1.0,0.0],"QdQc":[1.0,0.0],"QdTc":[1.0,0.0],"QdTd":[1.0,0.0],"QdTs":[1.0,0.0],"QhQc":[1.0,0.0],"QhQd":[1.0,0.0],"QhTc":[1.0,0.0],"QhTd":[1.0,0.0],"QhTs":[1.0,0.0],"QsQc":[1.0,0.0],"QsQd":[1.0,0.0],"QsQh":[1.0,0.0],"QsTc":[1.0,0.0],"QsTd":[1.0,0.0],"QsTs":[1.0,0.0],"Tc9c":[1.0,0.0],"Tc9d":[1.0,0.0],"Tc9h":[1.0,0.0],"Tc9s":[1.0,0.0],"Td9c":[1.0,0.0],"Td9d":[1.0,0.0],"Td9h":[1.0,0.0],"Td9s":[1.0,0.0],"TdTc":[1.0,0.0],"Ts9c":[1.0,0.0],"Ts9d":[1.0,0.0],"Ts9h":[1.0,0.0],"Ts9s":[1.0,0.0],"TsTc":[1.0,0.0],"TsTd":[1.0,0.0]}}},"CHECK":{"actions":["CHECK","BET 4.000000","BET 9.000000"],"childrens":{"BET 4.000000":{"actions":["CALL","FOLD"],"node_type":"action_node","player":1,"strategy":{"actions":["CALL","FOLD"],"strategy":{"3h3c":[1.0,0.0],"3s3c":[1.0,0.0],"3s3h":[1.0,0.0],"5c4c":[1.0,0.0],"5d4d":[1.0,0.0],"5h4h":[1.0,0.0],"6c5c":[1.0,0.0],"6d5d":[1.0,0.0],"6h5h":[1.0,0.0],"7d6d":[1.0,0.0],"7h6h":[1.0,0.0],"7h7d":[1.0,0.0],"7s6s":[1.0,0.0],"7s7d":[1.0,0.0],"7s7h":[1.0,0.0],"8d7d":[1.0,0.0],"8h7h":[1.0,0.0],"8s7s":[1.0,0.0],"9d7d":[1.0,0.0],"9h7h":[1.0,0.0],"9s7s":[1.0,0.0],"Ac7d":[1.0,0.0],"Ac7h":[1.0,0.0],"Ac7s":[1.0,0.0],"AcTc":[1.0,0.0],"AcTd":[1.0,0.0],"AcTs":[1.0,0.0],"Ad7d":[1.0,0.0],"Ad7h":[1.0,0.0],"Ad7s":[1.0,0.0],"AdTc":[1.0,0.0],"AdTd":[1.0,0.0],"AdTs":[1.0,0.0],"Ah7d":[1.0,0.0],"Ah7h":[1.0,0.0],"Ah7s":[1.0,0.0],"AhTc":[1.0,0.0],"AhTd":[1.0,0.0],"AhTs":[1.0,0.0],"As7d":[1.0,0.0],"As7h":[1.0,0.0],"As7s":[1.0,0.0],"AsTc":[1.0,0.0],"AsTd":[1.0,0.0],"AsTs":[1.0,0.0],"JcTc":[1.0,0.0],"JcTd":[1.0,0.0],"JcTs":[1.0,0.0],"JdTc":[1.0,0.0],"JdTd":[1.0,0.0],"JdTs":[1.0,0.0],"JhTc":[1.0,0.0],"JhTd":[1.0,0.0],"JhTs":[1.0,0.0],"JsTc":[1.0,0.0],"JsTd":[1.0,0.0],"JsTs":[1.0,0.0],"KcTc":[1.0,0.0],"KcTd":[1.0,0.0],"KcTs":[1.0,0.0],"KdTc":[1.0,0.0],"KdTd":[1.0,0.0],"KdTs":[1.0,0.0],"KhTc":[1.0,0.0],"KhTd":[1.0,0.0],"KhTs":[1.0,0.0],"KsTc":[1.0,0.0],"KsTd":[1.0,0.0],"KsTs":[1.0,0.0],"QcTc":[1.0,0.0],"QcTd":[1.0,0.0],"QcTs":[1.0,0.0],"QdTc":[1.0,0.0],"QdTd":[1.0,0.0],"QdTs":[1.0,0.0],"QhTc":[1.0,0.0],"QhTd":[1.0,0.0],"QhTs":[1.0,0.0],"QsTc":[1.0,0.0],"QsTd":[1.0,0.0],"QsTs":[1.0,0.0],"Tc7d":[1.0,0.0],"Tc7h":[1.0,0.0],"Tc7s":[1.0,0.0],"Tc8c":[1.0,0.0],"Tc8d":[1.0,0.0],"Tc8h":[1.0,0.0],"Tc8s":[1.0,0.0],"Tc9c":[1.0,0.0],"Tc9d":[1.0,0.0],"Tc9h":[1.0,0.0],"Tc9s":[1.0,0.0],"Td7d":[1.0,0.0],"Td7h":[1.0,0.0],"Td7s":[1.0,0.0],"Td8c":[1.0,0.0],"Td8d":[1.0,0.0],"Td8h":[1.0,0.0],"Td8s":[1.0,0.0],"Td9c":[1.0,0.0],"Td9d":[1.0,0.0],"Td9h":[1.0,0.0],"Td9s":[1.0,0.0],"TdTc":[1.0,0.0],"Ts7d":[1.0,0.0],"Ts7h":[1.0,0.0],"Ts7s":[1.0,0.0],"Ts8c":[1.0,0.0],"Ts8d":[1.0,0.0],"Ts8h":[1.0,0.0],"Ts8s":[1.0,0.0],"Ts9c":[1.0,0.0],"Ts9d":[1.0,0.0],"Ts9h":[1.0,0.0],"Ts9s":[1.0,0.0],"TsTc":[1.0,0.0],"TsTd":[1.0,0.0]}}},"BET 9.000000":{"actions":["CALL","FOLD"],"node_type":"action_node","player":1,"strategy":{"actions":["CALL","FOLD"],"strategy":{"3h3c":[1.0,0.0],"3s3c":[1.0,0.0],"3s3h":[1.0,0.0],"5c4c":[1.0,0.0],"5d4d":[1.0,0.0],"5h4h":[1.0,0.0],"6c5c":[1.0,0.0],"6d5d":[1.0,0.0],"6h5h":[1.0,0.0],"7d6d":[1.0,0.0],"7h6h":[1.0,0.0],"7h7d":[1.0,0.0],"7s6s":[1.0,0.0],"7s7d":[1.0,0.0],"7s7h":[1.0,0.0],"8d7d":[1.0,0.0],"8h7h":[1.0,0.0],"8s7s":[1.0,0.0],"9d7d":[1.0,0.0],"9h7h":[1.0,0.0],"9s7s":[1.0,0.0],"Ac7d":[1.0,0.0],"Ac7h":[1.0,0.0],"Ac7s":[1.0,0.0],"AcTc":[1.0,0.0],"AcTd":[1.0,0.0],"AcTs":[1.0,0.0],"Ad7d":[1.0,0.0],"Ad7h":[1.0,0.0],"Ad7s":[1.0,0.0],"AdTc":[1.0,0.0],"AdTd":[1.0,0.0],"AdTs":[1.0,0.0],"Ah7d":[1.0,0.0],"Ah7h":[1.0,0.0],"Ah7s":[1.0,0.0],"AhTc":[1.0,0.0],"AhTd":[1.0,0.0],"AhTs":[1.0,0.0],"As7d":[1.0,0.0],"As7h":[1.0,0.0],"As7s":[1.0,0.0],"AsTc":[1.0,0.0],"AsTd":[1.0,0.0],"AsTs":[1.0,0.0],"JcTc":[1.0,0.0],"JcTd":[1.0,0.0],"JcTs":[1.0,0.0],"JdTc":[1.0,0.0],"JdTd":[1.0,0.0],"JdTs":[1.0,0.0],"JhTc":[1.0,0.0],"JhTd":[1.0,0.0],"JhTs":[1.0,0.0],"JsTc":[1.0,0.0],"JsTd":[1.0,0.0],"JsTs":[1.0,0.0],"KcTc":[1.0,0.0],"KcTd":[1.0,0.0],"KcTs":[1.0,0.0],"KdTc":[1.0,0.0],"KdTd":[1.0,0.0],"KdTs":[1.0,0.0],"KhTc":[1.0,0.0],"KhTd":[1.0,0.0],"KhTs":[1.0,0.0],"KsTc":[1.0,0.0],"KsTd":[1.0,0.0],"KsTs":[1.0,0.0],"QcTc":[1.0,0.0],"QcTd":[1.0,0.0],"QcTs":[1.0,0.0],"QdTc":[1.0,0.0],"QdTd":[1.0,0.0],