{"actions":["CHECK","BET 6.000000","BET 14.000000"],"childrens":{"BET 14.000000":{"actions":["CALL","FOLD"],"node_type":"action_node","player":0,"strategy":{"actions":["CALL","FOLD"],"strategy":{"2d2c":[1.0,0.0],"2h2c":[1.0,0.0],"2h2d":[1.0,0.0],"7d7c":[1.0,0.0],"7s7c":[1.0,0.0],"7s7d":[1.0,0.0],"8c7c":[1.0,0.0],"8d7d":[1.0,0.0],"8d8c":[1.0,0.0],"8s7s":[1.0,0.0],"8s8c":[1.0,0.0],"8s8d":[1.0,0.0],"9c7c":[1.0,0.0],"9c8c":[1.0,0.0],"9d7d":[1.0,0.0],"9d8d":[1.0,0.0],"9d9c":[1.0,0.0],"9h9c":[1.0,0.0],"9h9d":[1.0,0.0],"9s7s":[1.0,0.0],"9s8s":[1.0,0.0],"9s9c":[1.0,0.0],"9s9d":[1.0,0.0],"9s9h":[1.0,0.0],"AdAc":[1.0,0.0],"AhAc":[1.0,0.0],"AhAd":[1.0,0.0],"AsAc":[1.0,0.0],"AsAd":[1.0,0.0],"AsAh":[1.0,0.0],"JdJc":[1.0,0.0],"JhJc":[1.0,0.0],"JhJd":[1.0,0.0],"JsJc":[1.0,0.0],"JsJd":[1.0,0.0],"JsJh":[1.0,0.0],"KdKc":[1.0,0.0],"KhKc":[1.0,0.0],"KhKd":[1.0,0.0],"KsKc":[1.0,0.0],"KsKd":[1.0,0.0],"KsKh":[1.0,0.0],"QdQc":[1.0,0.0],"QhQc":[1.0,0.0],"QhQd":[1.0,0.0],"QsQc":[1.0,0.0],"QsQd":[1.0,0.0],"QsQh":[1.0,0.0],"Td7c":[1.0,0.0],"Td7d":[1.0,0.0],"Td7s":[1.0,0.0],"Td8c":[1.0,0.0],"Td8d":[1.0,0.0],"Td8s":[1.0,0.0],"Th7c":[1.0,0.0],"Th7d":[1.0,0.0],"Th7s":[1.0,0.0],"Th8c":[1.0,0.0],"Th8d":[1.0,0.0],"Th8s":[1.0,0.0],"ThTd":[1.0,0.0],"Ts7c":[1.0,0.0],"Ts7d":[1.0,0.0],"Ts7s":[1.0,0.0],"Ts8c":[1.0,0.0],"Ts8d":[1.0,0.0],"Ts8s":[1.0,0.0],"TsTd":[1.0,0.0],"TsTh":[1.0,0.0]}}},"BET 6.000000":{"actions":["CALL","FOLD"],"node_type":"action_node","player":0,"strategy":{"actions":["CALL","FOLD"],"strategy":{"2d2c":[1.0,0.0],"2h2c":[1.0,0.0],"2h2d":[1.0,0.0],"7d7c":[1.0,0.0],"7s7c":[1.0,0.0],"7s7d":[1.0,0.0],"8c7c":[1.0,0.0],"8d7d":[1.0,0.0],"8d8c":[1.0,0.0],"8s7s":[1.0,0.0],"8s8c":[1.0,0.0],"8s8d":[1.0,0.0],"9c7c":[1.0,0.0],"9c8c":[1.0,0.0],"9d7d":[1.0,0.0],"9d8d":[1.0,0.0],"9d9c":[1.0,0.0],"9h9c":[1.0,0.0],"9h9d":[1.0,0.0],"9s7s":[1.0,0.0],"9s8s":[1.0,0.0],"9s9c":[1.0,0.0],"9s9d":[1.0,0.0],"9s9h":[1.0,0.0],"AdAc":[1.0,0.0],"AhAc":[1.0,0.0],"AhAd":[1.0,0.0],"AsAc":[1.0,0.0],"AsAd":[1.0,0.0],"AsAh":[1.0,0.0],"JdJc":[1.0,0.0],"JhJc":[1.0,0.0],"JhJd":[1.0,0.0],"JsJc":[1.0,0.0],"JsJd":[1.0,0.0],"JsJh":[1.0,0.0],"KdKc":[1.0,0.0],"KhKc":[1.0,0.0],"KhKd":[1.0,0.0],"KsKc":[1.0,0.0],"KsKd":[1.0,0.0],"KsKh":[1.0,0.0],"QdQc":[1.0,0.0],"QhQc":[1.0,0.0],"QhQd":[1.0,0.0],"QsQc":[1.0,0.0],"QsQd":[1.0,0.0],"QsQh":[1.0,0.0],"Td7c":[1.0,0.0],"Td7d":[1.0,0.0],"Td7s":[1.0,0.0],"Td8c":[1.0,0.0],"Td8d":[1.0,0.0],"Td8s":[1.0,0.0],"Th7c":[1.0,0.0],"Th7d":[1.0,0.0],"Th7s":[1.0,0.0],"Th8c":[1.0,0.0],"Th8d":[1.0,0.0],"Th8s":[1.0,0.0],"ThTd":[1.0,0.0],"Ts7c":[1.0,0.0],"Ts7d":[1.0,0.0],"Ts7s":[1.0,0.0],"Ts8c":[1.0,0.0],"Ts8d":[1.0,0.0],"Ts8s":[1.0,0.0],"TsTd":[1.0,0.0],"TsTh":[1.0,0.0]}}},"CHECK":{"actions":["CHECK","BET 6.000000","BET 14.000000"],"childrens":{"BET 14.000000":{"actions":["CALL","FOLD"],"node_type":"action_node","player":1,"strategy":{"actions":["CALL","FOLD"],"strategy":{"2d2c":[1.0,0.0],"2h2c":[1.0,0.0],"2h2d":[1.0,0.0],"3h3c":[1.0,0.0],"3s3c":[1.0,0.0],"3s3h":[1.0,0.0],"5c4c":[1.0,0.0],"5d4d":[1.0,0.0],"5h4h":[1.0,0.0],"5s4s":[1.0,0.0],"6c5c":[1.0,0.0],"6d5d":[1.0,0.0],"6h5h":[1.0,0.0],"6s5s":[1.0,0.0],"7c6c":[1.0,0.0],"7d6d":[1.0,0.0],"7d7c":[1.0,0.0],"7s6s":[1.0,0.0],"7s7c":[1.0,0.0],"7s7d":[1.0,0.0],"8c6c":[1.0,0.0],"8c7c":[1.0,0.0],"8d6d":[1.0,0.0],"8d7d":[1.0,0.0],"8d8c":[1.0,0.0],"8s6s":[1.0,0.0],"8s7s":[1.0,0.0],"8s8c":[1.0,0.0],"8s8d":[1.0,0.0],"9c7c":[1.0,0.0],"9c8c":[1.0,0.0],"9d7d":[1.0,0.0],"9d8d":[1.0,0.0],"9d9c":[1.0,0.0],"9h9c":[1.0,0.0],"9h9d":[1.0,0.0],"9s7s":[1.0,0.0],"9s8s":[1.0,0.0],"9s9c":[1.0,0.0],"9s9d":[1.0,0.0],"9s9h":[1.0,0.0],"Td7c":[1.0,0.0],"Td7d":[1.0,0.0],"Td7s":[1.0,0.0],"Td8c":[1.0,0.0],"Td8d":[1.0,0.0],"Td8s":[1.0,0.0],"Th7c":[1.0,0.0],"Th7d":[1.0,0.0],"Th7s":[1.0,0.0],"Th8c":[1.0,0.0],"Th8d":[1.0,0.0],"Th8s":[1.0,0.0],"ThTd":[1.0,0.0],"Ts7c":[1.0,0.0],"Ts7d":[1.0,0.0],"Ts7s":[1.0,0.0],"Ts8c":[1.0,0.0],"Ts8d":[1.0,0.0],"Ts8s":[1.0,0.0],"TsTd":[1.0,0.0],"TsTh":[1.0,0.0]}}},"BET 6.000000":{"actions":["CALL","FOLD"],"node_type":"action_node","player":1,"strategy":{"actions":["CALL","FOLD"],"strategy":{"2d2c":[1.0,0.0],"2h2c":[1.0,0.0],"2h2d":[1.0,0.0],"3h3c":[1.0,0.0],"3s3c":[1.0,0.0],"3s3h":[1.0,0.0],"5c4c":[1.0,0.0],"5d4d":[1.0,0.0],"5h4h":[1.0,0.0],"5s4s":[1.0,0.0],"6c5c":[1.0,0.0],"6d5d":[1.0,0.0],"6h5h":[1.0,0.0],"6s5s":[1.0,0.0],"7c6c":[1.0,0.0],"7d6d":[1.0,0.0],"7d7c":[1.0,0.0],"7s6s":[1.0,0.0],"7s7c":[1.0,0.0],"7s7d":[1.0,0.0],"8c6c":[1.0,0.0],"8c7c":[1.0,0.0],"8d6d":[1.0,0.0],"8d7d":[1.0,0.0],"8d8c":[1.0,0.0],"8s6s":[1.0,0.0],"8s7s":[1.0,0.0],"8s8c":[1.0,0.0],"8s8d":[1.0,0.0],"9c7c":[1.0,0.0],"9c8c":[1.0,0.0],"9d7d":[1.0,0.0],"9d8d":[1.0,0.0],"9d9c":[1.0,0.0],"9h9c":[1.0,0.0],"9h9d":[1.0,0.0],"9s7s":[1.0,0.0],"9s8s":[1.0,0.0],"9s9c":[1.0,0.0],"9s9d":[1.0,0.0],"9s9h":[1.0,0.0],"Td7c":[1.0,0.0],"Td7d":[1.0,0.0],"Td7s":[1.0,0.0],"Td8c":[1.0,0.0],"Td8d":[1.0,0.0],"Td8s":[1.0,0.0],"Th7c":[1.0,0.0],"Th7d":[1.0,0.0],"Th7s":[1.0,0.0],"Th8c":[1.0,0.0],"Th8d":[1.0,0.0],"Th8s":[1.0,0.0],"ThTd":[1.0,0.0],"Ts7c":[1.0,0.0],"Ts7d":[1.0,0.0],"Ts7s":[1.0,0.0],"Ts8c":[1.0,0.0],"Ts8d":[1.0,0.0],"Ts8s":[1.0,0.0],"TsTd":[1.0,0.0],"TsTh":[1.0,0.0]}}}},"node_type":"action_node","player":0,"strategy":{"actions":["CHECK","BET 6.000000","BET 14.000000"],"strategy":{"2d2c":[0.0,0.5,0.5],"2h2c":[0.0,0.5,0.5],"2h2d":[0.0,0.5,0.5],"7d7c":[0.0,0.5,0.5],"7s7c":[0.0,0.5,0.5],"7s7d":[0.0,0.5,0.5],"8c7c":[0.0,0.5,0.5],"8d7d":[0.0,0.5,0.5],"8d8c":[0.0,0.5,0.5],"8s7s":[0.0,0.5,0.5],"8s8c":[0.0,0.5,0.5],"8s8d":[0.0,0.5,0.5],"9c7c":[0.0,0.5,0.5],"9c8c":[0.0,0.5,0.5],"9d7d":[0.0,0.5,0.5],"9d8d":[0.0,0.5,0.5],"9d9c":[0.0,0.5,0.5],"9h9c":[0.0,0.5,0.5],"9h9d":[0.0,0.5,0.5],"9s7s":[0.0,0.5,0.5],"9s8s":[0.0,0.5,0.5],"9s9c":[0.0,0.5,0.5],"9s9d":[0.0,0.5,0.5],"9s9h":[0.0,0.5,0.5],"AdAc":[0.0,0.5,0.5],"AhAc":[0.0,0.5,0.5],"AhAd":[0.0,0.5,0.5],"AsAc":[0.0,0.5,0.5],"AsAd":[0.0,0.5,0.5],"AsAh":[0.0,0.5,0.5],"JdJc":[0.0,0.5,0.5],"JhJc":[0.0,0.5,0.5],"JhJd":[0.0,0.5,0.5],"JsJc":[0.0,0.5,0.5],"JsJd":[0.0,0.5,0.5],"JsJh":[0.0,0.5,0.5],"KdKc":[0.0,0.5,0.5],"KhKc":[0.0,0.5,0.5],"KhKd":[0.0,0.5,0.5],"KsKc":[0.0,0.5,0.5],"KsKd":[0.0,0.5,0.5],"KsKh":[0.0,0.5,0.5],"QdQc":[0.0,0.5,0.5],"QhQc":[0.0,0.5,0.5],"QhQd":[0.0,0.5,0.5],"QsQc":[0.0,0.5,0.5],"QsQd":[0.0,0.5,0.5],"QsQh":[0.0,0.5,0.5],"Td7c":[0.0,0.5,0.5],"Td7d":[0.0,0.5,0.5],"Td7s":[0.0,0.5,0.5],"Td8c":[0.0,0.5,0.5],"Td8d":[0.0,0.5,0.5],"Td8s":[0.0,0.5,0.5],"Th7c":[0.0,0.5,0.5],"Th7d":[0.0,0.5,0.5],"Th7s":[0.0,0.5,0.5],"Th8c":[0.0,0.5,0.5],"Th8d":[0.0,0.5,0.5],"Th8s":[0.0,0.5,0.5],"ThTd":[0.0,0.5,0.5],"Ts7c":[0.0,0.5,0.5],"Ts7d":[0.0,0.5,0.5],"Ts7s":[0.0,0.5,0.5],"Ts8c":[0.0,0.5,0.5],"Ts8d":[0.0,0.5,0.5],"Ts8s":[0.0,0.5,0.5],"TsTd":[0.0,0.5,0.5],"TsTh":[0.0,0.5,0.5]}}}},"node_type":"action_node","player":1,"strategy":{"actions":["CHECK","BET 6.000000","BET 14.000000"],"strategy":{"2d2c":[0.0,0.5,0.5],"2h2c":[0.0,0.5,0.5],"2h2d":[0.0,0.5,0.5],"3h3c":[0.0,0.5,0.5],"3s3c":[0.0,0.5,0.5],"3s3h":[0.0,0.5,0.5],"5c4c":[0.0,0.5,0.5],"5d4d":[0.0,0.5,0.5],"5h4h":[0.0,0.5,0.5],"5s4s":[0.0,0.5,0.5],"6c5c":[0.0,0.5,0.5],"6d5d":[0.0,0.5,0.5],"6h5h":[0.0,0.5,0.5],"6s5s":[0.0,0.5,0.5],"7c6c":[0.0,0.5,0.5],"7d6d":[0.0,0.5,0.5],"7d7c":[0.0,0.5,0.5],"7s6s":[0.0,0.5,0.5],"7s7c":[0.0,0.5,0.5],"7s7d":[0.0,0.5,0.5],"8c6c":[0.0,0.5,0.5],"8c7c":[0.0,0.5,0.5],"8d6d":[0.0,0.5,0.5],"8d7d":[0.0,0.5,0.5],"8d8c":[0.0,0.5,0.5],"8s6s":[0.0,0.5,0.5],"8s7s":[0.0,0.5,0.5],"8s8c":[0.0,0.5,0.5],"8s8d":[0.0,0.5,0.5],"9c7c":[0.0,0.5,0.5],"9c8c":[0.0,0.5,0.5],"9d7d":[0.0,0.5,0.5],"9d8d":[0.0,0.5,0.5],"9d9c":[0.0,0.5,0.5],"9h9c":[0.0,0.5,0.5],"9h9d":[0.0,0.5,0.5],"9s7s":[0.0,0.5,0.5],"9s8s":[0.0,0.5,0.5],"9s9c":[0.0,0.5,0.5],"9s9d":[0.0,0.5,0.5],"9s9h":[0.0,0.5,0.5],"Td7c":[0.0,0.5,0.5],"Td7d":[0.0,0.5,0.5],"Td7s":[0.0,0.5,0.5],"Td8c":[0.0,0.5,0.5],"Td8d":[0.0,0.5,0.5],"Td8s":[0.0,0.5,0.5],"Th7c":[0.0,0.5,0.5],"Th7d":[0.0,0.5,0.5],"Th7s":[0.0,0.5,0.5],"Th8c":[0.0,0.5,0.5],"Th8d":[0.0,0.5,0.5],"Th8s":[0.0,0.5,0.5],"ThTd":[0.0,0.5,0.5],"Ts7c":[0.0,0.5,0.5],"Ts7d":[0.0,0.5,0.5],"Ts7s":[0.0,0.5,0.5],